TestTime/h,Current/mA,Voltage/V,Capacity/mAh,AuxTemp/dC.,Cycle-Index,Step-State
0.0,250.0,4.120759708140712,0.0,25.0,1,rated
0.0400400801603206,250.0,4.118340583225645,10.01002004008016,25.0,1,rated
0.0800801603206412,250.0,4.11578318868711,20.02004008016032,25.0,1,rated
0.1201202404809618,250.0,4.113055325113075,30.03006012024048,25.0,1,rated
0.1601603206412824,250.0,4.11115673686515,40.04008016032064,25.0,1,rated
0.2002004008016032,250.0,4.108788343815908,50.0501002004008,25.0,1,rated
0.2402404809619238,250.0,4.106381615773489,60.06012024048096,25.0,1,rated
0.2802805611222444,250.0,4.104464542102339,70.07014028056112,25.0,1,rated
0.320320641282565,250.0,4.102352759795791,80.08016032064127,25.0,1,rated
0.3603607214428856,250.0,4.100345253657362,90.09018036072143,25.0,1,rated
0.4004008016032064,250.0,4.098376588686494,100.1002004008016,25.0,1,rated
0.440440881763527,250.0,4.096645459386786,110.11022044088176,25.0,1,rated
0.4804809619238476,250.0,4.094630711638999,120.12024048096193,25.0,1,rated
0.5205210420841682,250.0,4.093026699023411,130.13026052104206,25.0,1,rated
0.560561122244489,250.0,4.091276756510111,140.14028056112224,25.0,1,rated
0.6006012024048096,250.0,4.0898385645824735,150.15030060120242,25.0,1,rated
0.6406412825651302,250.0,4.088103165141048,160.16032064128254,25.0,1,rated
0.6806813627254508,250.0,4.086443059965904,170.17034068136272,25.0,1,rated
0.7207214428857714,250.0,4.084780500241754,180.18036072144287,25.0,1,rated
0.760761523046092,250.0,4.083348868930451,190.19038076152304,25.0,1,rated
0.8008016032064128,250.0,4.081892550889891,200.2004008016032,25.0,1,rated
0.8408416833667334,250.0,4.080352701383438,210.21042084168332,25.0,1,rated
0.880881763527054,250.0,4.079208913478229,220.2204408817635,25.0,1,rated
0.9209218436873746,250.0,4.077718198374038,230.23046092184367,25.0,1,rated
0.9609619238476952,250.0,4.075564942660232,240.24048096192385,25.0,1,rated
1.0010020040080159,250.0,4.074342357805937,250.250501002004,25.0,1,rated
1.0410420841683365,250.0,4.07331994979452,260.2605210420841,25.0,1,rated
1.0810821643286572,250.0,4.071926063151754,270.2705410821643,25.0,1,rated
1.121122244488978,250.0,4.070728774922683,280.2805611222445,25.0,1,rated
1.1611623246492986,250.0,4.069424098671117,290.29058116232466,25.0,1,rated
1.2012024048096193,250.0,4.0685169276749065,300.30060120240483,25.0,1,rated
1.2412424849699397,250.0,4.066600913892234,310.3106212424849,25.0,1,rated
1.2812825651302604,250.0,4.065494082450757,320.3206412825651,25.0,1,rated
1.321322645290581,250.0,4.064739865272263,330.33066132264526,25.0,1,rated
1.3613627254509018,250.0,4.0632368759444,340.34068136272543,25.0,1,rated
1.4014028056112227,250.0,4.062029984114479,350.3507014028056,25.0,1,rated
1.441442885771543,250.0,4.060597112765601,360.3607214428857,25.0,1,rated
1.4814829659318636,250.0,4.059184642915432,370.3707414829659,25.0,1,rated
1.5215230460921843,250.0,4.058372990922481,380.380761523046,25.0,1,rated
1.561563126252505,250.0,4.057196531734244,390.3907815631262,25.0,1,rated
1.6016032064128258,250.0,4.055773575172521,400.4008016032064,25.0,1,rated
1.6416432865731463,250.0,4.054734897445991,410.41082164328657,25.0,1,rated
1.6816833667334667,250.0,4.053716906570306,420.4208416833667,25.0,1,rated
1.7217234468937874,250.0,4.052408507647109,430.43086172344687,25.0,1,rated
1.761763527054108,250.0,4.051449411585826,440.440881763527,25.0,1,rated
1.8018036072144288,250.0,4.050364329539409,450.4509018036072,25.0,1,rated
1.8418436873747497,250.0,4.04923217208733,460.46092184368734,25.0,1,rated
1.8818837675350704,250.0,4.048006367770383,470.4709418837675,25.0,1,rated
1.9219238476953904,250.0,4.047110791139292,480.4809619238477,25.0,1,rated
1.9619639278557113,250.0,4.046055629304083,490.4909819639278,25.0,1,rated
2.002004008016032,250.0,4.04482695373247,500.501002004008,25.0,1,rated
2.0420440881763526,250.0,4.043483654759093,510.5110220440881,25.0,1,rated
2.0820841683366726,250.0,4.042676371373661,520.5210420841682,25.0,1,rated
2.122124248496994,250.0,4.041309811209503,530.5310621242485,25.0,1,rated
2.1621643286573144,250.0,4.040462402621745,540.5410821643286,25.0,1,rated
2.2022044088176354,250.0,4.038944192092842,550.5511022044087,25.0,1,rated
2.242244488977956,250.0,4.038208024692848,560.561122244489,25.0,1,rated
2.282284569138276,250.0,4.036881397639822,570.5711422845691,25.0,1,rated
2.322324649298597,250.0,4.035488731838357,580.5811623246493,25.0,1,rated
2.3623647294589176,250.0,4.034520659683899,590.5911823647294,25.0,1,rated
2.4024048096192385,250.0,4.033430194939649,600.6012024048097,25.0,1,rated
2.4424448897795585,250.0,4.032299949001326,610.6112224448897,25.0,1,rated
2.482484969939879,250.0,4.030864160063391,620.6212424849698,25.0,1,rated
2.5225250501002003,250.0,4.029642630100415,630.63126252505,25.0,1,rated
2.562565130260521,250.0,4.028694938065756,640.6412825651302,25.0,1,rated
2.6026052104208417,250.0,4.027339106474314,650.6513026052104,25.0,1,rated
2.642645290581162,250.0,4.026242620908993,660.6613226452905,25.0,1,rated
2.682685370741483,250.0,4.025095224591847,670.6713426853707,25.0,1,rated
2.7227254509018035,250.0,4.023345210987823,680.6813627254509,25.0,1,rated
2.7627655310621244,250.0,4.022440533635002,690.6913827655311,25.0,1,rated
2.8028056112224458,250.0,4.021340859573314,700.7014028056112,25.0,1,rated
2.8428456913827658,250.0,4.019740489744537,710.7114228456912,25.0,1,rated
2.882885771543086,250.0,4.018339754641811,720.7214428857715,25.0,1,rated
2.9229258517034062,250.0,4.017352213026335,730.7314629258517,25.0,1,rated
2.962965931863727,250.0,4.015950291269923,740.7414829659318,25.0,1,rated
3.0030060120240485,250.0,4.014774674035909,750.751503006012,25.0,1,rated
3.043046092184369,250.0,4.013220474230053,760.7615230460921,25.0,1,rated
3.0830861723446894,250.0,4.011685364908815,770.7715430861723,25.0,1,rated
3.12312625250501,250.0,4.010650195589249,780.7815631262524,25.0,1,rated
3.1631663326653308,250.0,4.009271826023304,790.7915831663327,25.0,1,rated
3.2032064128256517,250.0,4.008203241809063,800.8016032064128,25.0,1,rated
3.243246492985972,250.0,4.00677254723006,810.811623246493,25.0,1,rated
3.283286573146293,250.0,4.005091819400557,820.8216432865731,25.0,1,rated
3.3233266533066135,250.0,4.003861716934561,830.8316633266534,25.0,1,rated
3.3633667334669335,250.0,4.002958926124264,840.8416833667334,25.0,1,rated
3.403406813627254,250.0,4.001598265295571,850.8517034068135,25.0,1,rated
3.443446893787575,250.0,4.00001319954877,860.8617234468937,25.0,1,rated
3.4834869739478953,250.0,3.998818833093178,870.8717434869739,25.0,1,rated
3.523527054108216,250.0,3.997584877640405,880.881763527054,25.0,1,rated
3.5635671342685367,250.0,3.996265156066549,890.8917835671341,25.0,1,rated
3.6036072144288576,250.0,3.9950214948468497,900.9018036072144,25.0,1,rated
3.643647294589178,250.0,3.993571440425786,910.9118236472945,25.0,1,rated
3.6836873747494985,250.0,3.992174266955679,920.9218436873748,25.0,1,rated
3.7237274549098194,250.0,3.99081381151001,930.9318637274548,25.0,1,rated
3.76376753507014,250.0,3.9897484041048825,940.941883767535,25.0,1,rated
3.8038076152304607,250.0,3.987758151779828,950.9519038076152,25.0,1,rated
3.8438476953907807,250.0,3.9868511180741057,960.9619238476952,25.0,1,rated
3.8838877755511017,250.0,3.985555501824359,970.9719438877754,25.0,1,rated
3.923927855711423,250.0,3.9839334775819326,980.9819639278556,25.0,1,rated
3.963967935871743,250.0,3.982954415319336,990.9919839679358,25.0,1,rated
4.004008016032064,250.0,3.9814266280148263,1001.002004008016,25.0,1,rated
4.044048096192385,250.0,3.9803981979411382,1011.0120240480962,25.0,1,rated
4.084088176352705,250.0,3.978869275219528,1021.0220440881762,25.0,1,rated
4.124128256513026,250.0,3.977696835574805,1031.0320641282565,25.0,1,rated
4.164168336673346,250.0,3.976475378319791,1041.0420841683365,25.0,1,rated
4.2042084168336675,250.0,3.974976860315156,1051.052104208417,25.0,1,rated
4.244248496993988,250.0,3.973393921843484,1061.062124248497,25.0,1,rated
4.284288577154308,250.0,3.9719351876390254,1071.0721442885772,25.0,1,rated
4.324328657314629,250.0,3.971257973847661,1081.0821643286572,25.0,1,rated
4.364368737474949,250.0,3.969554611355854,1091.0921843687372,25.0,1,rated
4.40440881763527,250.0,3.968109123432789,1101.1022044088174,25.0,1,rated
4.444448897795592,250.0,3.966946115071192,1111.1122244488977,25.0,1,rated
4.484488977955912,250.0,3.965549935968134,1121.122244488978,25.0,1,rated
4.524529058116232,250.0,3.96443019536306,1131.132264529058,25.0,1,rated
4.5645691382765525,250.0,3.9629387620639767,1141.1422845691382,25.0,1,rated
4.604609218436874,250.0,3.9616076634487194,1151.1523046092184,25.0,1,rated
4.644649298597194,250.0,3.9601357290254753,1161.1623246492986,25.0,1,rated
4.684689378757515,250.0,3.959047151106248,1171.1723446893786,25.0,1,rated
4.724729458917835,250.0,3.9574219844839273,1181.1823647294589,25.0,1,rated
4.764769539078157,250.0,3.956438450629276,1191.192384769539,25.0,1,rated
4.804809619238477,250.0,3.955287636473822,1201.202404809619,25.0,1,rated
4.844849699398798,250.0,3.95335661605643,1211.2124248496991,25.0,1,rated
4.884889779559117,250.0,3.95184820651948,1221.2224448897794,25.0,1,rated
4.924929859719438,250.0,3.951145988773304,1231.2324649298596,25.0,1,rated
4.964969939879759,250.0,3.9502146815426618,1241.2424849699396,25.0,1,rated
5.00501002004008,250.0,3.9481888010138033,1251.2525050100198,25.0,1,rated
5.045050100200401,250.0,3.9468241926284975,1261.2625250501,25.0,1,rated
5.085090180360722,250.0,3.945878999902311,1271.2725450901803,25.0,1,rated
5.125130260521042,250.0,3.944281531417406,1281.2825651302603,25.0,1,rated
5.165170340681362,250.0,3.943038602289005,1291.2925851703403,25.0,1,rated
5.205210420841683,250.0,3.941762044319295,1301.3026052104208,25.0,1,rated
5.245250501002002,250.0,3.94063172417914,1311.312625250501,25.0,1,rated
5.285290581162324,250.0,3.9391397815072113,1321.322645290581,25.0,1,rated
5.325330661322645,250.0,3.937973865779423,1331.3326653306613,25.0,1,rated
5.365370741482966,250.0,3.936582425551802,1341.3426853707415,25.0,1,rated
5.4054108216432875,250.0,3.935150303481229,1351.3527054108215,25.0,1,rated
5.445450901803607,250.0,3.933958907200944,1361.3627254509015,25.0,1,rated
5.485490981963928,250.0,3.932538623268095,1371.3727454909815,25.0,1,rated
5.525531062124249,250.0,3.931438099690989,1381.3827655310622,25.0,1,rated
5.565571142284569,250.0,3.929922446430988,1391.3927855711422,25.0,1,rated
5.605611222444891,250.0,3.928641460021277,1401.4028056112224,25.0,1,rated
5.645651302605209,250.0,3.927866713458728,1411.4128256513022,25.0,1,rated
5.685691382765531,250.0,3.926282496179983,1421.4228456913825,25.0,1,rated
5.725731462925851,250.0,3.92500276102112,1431.4328657314627,25.0,1,rated
5.765771543086172,250.0,3.923838920332113,1441.442885771543,25.0,1,rated
5.805811623246492,250.0,3.922378243235224,1451.452905811623,25.0,1,rated
5.845851703406813,250.0,3.921145305861484,1461.4629258517034,25.0,1,rated
5.885891783567134,250.0,3.920007505430736,1471.4729458917834,25.0,1,rated
5.925931863727454,250.0,3.918713495739118,1481.4829659318636,25.0,1,rated
5.965971943887776,250.0,3.917162916914788,1491.4929859719437,25.0,1,rated
6.006012024048097,250.0,3.916302479262197,1501.503006012024,25.0,1,rated
6.046052104208416,250.0,3.914762073020756,1511.513026052104,25.0,1,rated
6.086092184368737,250.0,3.913416652260441,1521.523046092184,25.0,1,rated
6.1261322645290575,250.0,3.912198883842812,1531.5330661322644,25.0,1,rated
6.166172344689379,250.0,3.911055427350144,1541.5430861723446,25.0,1,rated
6.206212424849699,250.0,3.910217044778716,1551.5531062124248,25.0,1,rated
6.24625250501002,250.0,3.908417534113868,1561.5631262525048,25.0,1,rated
6.28629258517034,250.0,3.9074481455793273,1571.573146292585,25.0,1,rated
6.3263326653306615,250.0,3.90575444484685,1581.583166332665,25.0,1,rated
6.366372745490982,250.0,3.904949923688839,1591.5931863727455,25.0,1,rated
6.406412825651304,250.0,3.9039006835829824,1601.6032064128256,25.0,1,rated
6.446452905811623,250.0,3.902446234553784,1611.6132264529058,25.0,1,rated
6.486492985971944,250.0,3.901142714674486,1621.623246492986,25.0,1,rated
6.526533066132265,250.0,3.900092085663167,1631.633266533066,25.0,1,rated
6.566573146292586,250.0,3.898965148769376,1641.6432865731465,25.0,1,rated
6.606613226452906,250.0,3.897739279907506,1651.6533066132265,25.0,1,rated
6.646653306613226,250.0,3.896784525971279,1661.6633266533067,25.0,1,rated
6.6866933867735465,250.0,3.895217358162855,1671.6733466933863,25.0,1,rated
6.726733466933866,250.0,3.893844504604707,1681.6833667334668,25.0,1,rated
6.766773547094187,250.0,3.892727179058972,1691.6933867735468,25.0,1,rated
6.806813627254508,250.0,3.891529147603868,1701.703406813627,25.0,1,rated
6.846853707414829,250.0,3.890358509177093,1711.7134268537072,25.0,1,rated
6.88689378757515,250.0,3.889125670324205,1721.7234468937877,25.0,1,rated
6.92693386773547,250.0,3.887963140887804,1731.7334669338677,25.0,1,rated
6.9669739478957915,250.0,3.886392564955465,1741.7434869739477,25.0,1,rated
7.007014028056112,250.0,3.8856927213084167,1751.753507014028,25.0,1,rated
7.047054108216432,250.0,3.884213539322772,1761.763527054108,25.0,1,rated
7.087094188376753,250.0,3.8828971360340105,1771.7735470941882,25.0,1,rated
7.127134268537073,250.0,3.882064145367039,1781.7835671342682,25.0,1,rated
7.167174348697396,250.0,3.8810063922911313,1791.7935871743489,25.0,1,rated
7.207214428857714,250.0,3.8796493270945023,1801.803607214429,25.0,1,rated
7.247254509018036,250.0,3.878392167950393,1811.813627254509,25.0,1,rated
7.287294589178356,250.0,3.8769840847253136,1821.823647294589,25.0,1,rated
7.3273346693386765,250.0,3.8765567708561264,1831.8336673346691,25.0,1,rated
7.367374749498998,250.0,3.874971731445952,1841.8436873747492,25.0,1,rated
7.407414829659318,250.0,3.873382294679757,1851.8537074148296,25.0,1,rated
7.447454909819639,250.0,3.8722699093090025,1861.8637274549096,25.0,1,rated
7.48749498997996,250.0,3.871260083234479,1871.87374749499,25.0,1,rated
7.52753507014028,250.0,3.869749716692636,1881.88376753507,25.0,1,rated
7.567575150300602,250.0,3.868913447404136,1891.8937875751503,25.0,1,rated
7.6076152304609215,250.0,3.867608006112385,1901.9038076152303,25.0,1,rated
7.647655310621242,250.0,3.8667661721691498,1911.9138276553103,25.0,1,rated
7.687695390781562,250.0,3.865535402959806,1921.9238476953904,25.0,1,rated
7.727735470941882,250.0,3.8636236830976896,1931.9338677354704,25.0,1,rated
7.767775551102203,250.0,3.862998120868253,1941.9438877755508,25.0,1,rated
7.807815631262524,250.0,3.861490956852456,1951.9539078156308,25.0,1,rated
7.847855711422846,250.0,3.860861835616633,1961.9639278557115,25.0,1,rated
7.887895791583166,250.0,3.859499732345813,1971.9739478957915,25.0,1,rated
7.927935871743486,250.0,3.858402698736079,1981.9839679358715,25.0,1,rated
7.9679759519038065,250.0,3.856907560319653,1991.9939879759515,25.0,1,rated
8.008016032064129,250.0,3.856314457906573,2002.004008016032,25.0,1,rated
8.048056112224447,250.0,3.8551815499274222,2012.014028056112,25.0,1,rated
8.08809619238477,250.0,3.8533938790696105,2022.0240480961925,25.0,1,rated
8.12813627254509,250.0,3.85251118678345,2032.0340681362725,25.0,1,rated
8.16817635270541,250.0,3.851132204038803,2042.0440881763525,25.0,1,rated
8.208216432865731,250.0,3.850092799414648,2052.0541082164327,25.0,1,rated
8.248256513026051,250.0,3.848675400823518,2062.064128256513,25.0,1,rated
8.288296593186372,250.0,3.848133295907094,2072.0741482965927,25.0,1,rated
8.328336673346692,250.0,3.8463976510819182,2082.084168336673,25.0,1,rated
8.368376753507013,250.0,3.845364129823903,2092.094188376753,25.0,1,rated
8.408416833667337,250.0,3.844355700026372,2102.104208416834,25.0,1,rated
8.448456913827656,250.0,3.8429581032358646,2112.1142284569137,25.0,1,rated
8.488496993987976,250.0,3.841872077722816,2122.124248496994,25.0,1,rated
8.528537074148296,250.0,3.8406396078101817,2132.134268537074,25.0,1,rated
8.568577154308617,250.0,3.8395580677603607,2142.1442885771544,25.0,1,rated
8.608617234468937,250.0,3.838183061904994,2152.154308617234,25.0,1,rated
8.648657314629258,250.0,3.837161927554076,2162.1643286573144,25.0,1,rated
8.68869739478958,250.0,3.8360404033656006,2172.174348697395,25.0,1,rated
8.728737474949899,250.0,3.834847153402964,2182.1843687374744,25.0,1,rated
8.76877755511022,250.0,3.8337571709473863,2192.1943887775547,25.0,1,rated
8.80881763527054,250.0,3.832518922392393,2202.204408817635,25.0,1,rated
8.84885771543086,250.0,3.831559628352649,2212.214428857715,25.0,1,rated
8.888897795591182,250.0,3.830175481303012,2222.224448897796,25.0,1,rated
8.928937875751503,250.0,3.829043573996298,2232.234468937876,25.0,1,rated
8.968977955911823,250.0,3.827768337913595,2242.244488977956,25.0,1,rated
9.009018036072144,250.0,3.826625946143527,2252.254509018036,25.0,1,rated
9.049058116232464,250.0,3.825307827977329,2262.264529058116,25.0,1,rated
9.089098196392785,250.0,3.824493441264468,2272.274549098196,25.0,1,rated
9.129138276553105,250.0,3.822989576570087,2282.2845691382763,25.0,1,rated
9.169178356713426,250.0,3.8218967007635007,2292.2945891783565,25.0,1,rated
9.209218436873748,250.0,3.820944866646925,2302.304609218437,25.0,1,rated
9.249258517034068,250.0,3.819779989694631,2312.314629258517,25.0,1,rated
9.289298597194389,250.0,3.8184451788353617,2322.3246492985973,25.0,1,rated
9.32933867735471,250.0,3.8169463026744586,2332.334669338677,25.0,1,rated
9.36937875751503,250.0,3.816258397659549,2342.3446893787573,25.0,1,rated
9.40941883767535,250.0,3.815049489801613,2352.354709418837,25.0,1,rated
9.44945891783567,250.0,3.813537590686615,2362.3647294589177,25.0,1,rated
9.489498997995993,250.0,3.81279593378836,2372.374749498997,25.0,1,rated
9.529539078156313,250.0,3.8113227435663983,2382.384769539078,25.0,1,rated
9.569579158316634,250.0,3.810058090458648,2392.3947895791584,25.0,1,rated
9.609619238476954,250.0,3.80912208786829,2402.4048096192387,25.0,1,rated
9.649659318637276,250.0,3.8078860890609736,2412.4148296593185,25.0,1,rated
9.689699398797597,250.0,3.8067803558336624,2422.4248496993987,25.0,1,rated
9.729739478957914,250.0,3.805235914461178,2432.434869739479,25.0,1,rated
9.769779559118234,250.0,3.804735906976761,2442.4448897795587,25.0,1,rated
9.809819639278556,250.0,3.80306846864066,2452.454909819639,25.0,1,rated
9.849859719438877,250.0,3.8016957291294458,2462.464929859719,25.0,1,rated
9.889899799599197,250.0,3.800941189962064,2472.4749498997994,25.0,1,rated
9.929939879759518,250.0,3.799559299825279,2482.484969939879,25.0,1,rated
9.969979959919838,250.0,3.7985071287572607,2492.4949899799594,25.0,1,rated
10.010020040080159,250.0,3.797185167752763,2502.50501002004,25.0,1,rated
10.05006012024048,250.0,3.796051088403662,2512.5150300601204,25.0,1,rated
10.090100200400801,250.0,3.79492113142758,2522.5250501002,25.0,1,rated
10.130140280561122,250.0,3.793530558699429,2532.5350701402804,25.0,1,rated
10.170180360721442,250.0,3.792622500335224,2542.5450901803606,25.0,1,rated
10.210220440881763,250.0,3.791198564946611,2552.555110220441,25.0,1,rated
10.250260521042083,250.0,3.789923308186632,2562.5651302605206,25.0,1,rated
10.290300601202404,250.0,3.788916239535649,2572.575150300601,25.0,1,rated
10.330340681362724,250.0,3.787792294217695,2582.585170340681,25.0,1,rated
10.370380761523046,250.0,3.786458767167393,2592.5951903807613,25.0,1,rated
10.410420841683367,250.0,3.785132199003145,2602.6052104208416,25.0,1,rated
10.450460921843689,250.0,3.784227581537905,2612.615230460922,25.0,1,rated
10.490501002004006,250.0,3.782549260357656,2622.625250501002,25.0,1,rated
10.530541082164326,250.0,3.781491613895777,2632.635270541082,25.0,1,rated
10.570581162324649,250.0,3.780500889511581,2642.645290581162,25.0,1,rated
10.610621242484969,250.0,3.779014687556,2652.6553106212423,25.0,1,rated
10.65066132264529,250.0,3.778085107770512,2662.6653306613225,25.0,1,rated
10.690701402805612,250.0,3.7768598194439886,2672.6753507014027,25.0,1,rated
10.730741482965932,250.0,3.775840475531337,2682.685370741483,25.0,1,rated
10.770781563126253,250.0,3.7742663360533344,2692.695390781563,25.0,1,rated
10.810821643286573,250.0,3.773111343468144,2702.7054108216435,25.0,1,rated
10.850861723446894,250.0,3.772091860889669,2712.7154308617232,25.0,1,rated
10.890901803607214,250.0,3.770325406994535,2722.7254509018035,25.0,1,rated
10.930941883767535,250.0,3.7702315323151065,2732.735470941884,25.0,1,rated
10.970981963927857,250.0,3.7682692204377872,2742.7454909819635,25.0,1,rated
11.011022044088177,250.0,3.767063146490609,2752.755511022044,25.0,1,rated
11.051062124248498,250.0,3.766184151712237,2762.7655310621244,25.0,1,rated
11.091102204408818,250.0,3.76480933594521,2772.7755511022046,25.0,1,rated
11.131142284569139,250.0,3.763269269690644,2782.7855711422844,25.0,1,rated
11.171182364729459,250.0,3.762560784591648,2792.7955911823647,25.0,1,rated
11.211222444889781,250.0,3.76141902258694,2802.805611222445,25.0,1,rated
11.251262525050102,250.0,3.7599727234761295,2812.815631262525,25.0,1,rated
11.291302605210419,250.0,3.758823289778938,2822.8256513026045,25.0,1,rated
11.33134268537074,250.0,3.757795748901815,2832.8356713426847,25.0,1,rated
11.371382765531061,250.0,3.756337696679049,2842.845691382765,25.0,1,rated
11.411422845691382,250.0,3.755429903406356,2852.855711422845,25.0,1,rated
11.451462925851702,250.0,3.7542066441808095,2862.8657314629254,25.0,1,rated
11.491503006012023,250.0,3.752858056164405,2872.8757515030056,25.0,1,rated
11.531543086172343,250.0,3.7515424935481785,2882.885771543086,25.0,1,rated
11.571583166332664,250.0,3.75060519062162,2892.8957915831656,25.0,1,rated
11.611623246492984,250.0,3.7493060654333146,2902.905811623246,25.0,1,rated
11.651663326653305,250.0,3.7485136238625674,2912.915831663326,25.0,1,rated
11.691703406813627,250.0,3.747175618261775,2922.925851703407,25.0,1,rated
11.731743486973947,250.0,3.7461378585043192,2932.9358717434866,25.0,1,rated
11.771783567134268,250.0,3.744844101042609,2942.945891783567,25.0,1,rated
11.811823647294588,250.0,3.7437065001815983,2952.955911823647,25.0,1,rated
11.851863727454909,250.0,3.7423349853271937,2962.9659318637277,25.0,1,rated
11.89190380761523,250.0,3.7414636952011406,2972.975951903807,25.0,1,rated
11.93194388777555,250.0,3.740526275031512,2982.9859719438878,25.0,1,rated
11.97198396793587,250.0,3.738947310184916,2992.9959919839675,25.0,1,rated
12.012024048096194,250.0,3.737731181371303,3003.006012024048,25.0,1,rated
12.05206412825651,250.0,3.736659147381598,3013.016032064128,25.0,1,rated
12.092104208416831,250.0,3.735435840577782,3023.026052104208,25.0,1,rated
12.132144288577154,250.0,3.734233499757423,3033.0360721442885,25.0,1,rated
12.172184368737474,250.0,3.7332433640016913,3043.0460921843683,25.0,1,rated
12.212224448897794,250.0,3.731999615698035,3053.0561122244485,25.0,1,rated
12.252264529058115,250.0,3.7311877057340745,3063.0661322645287,25.0,1,rated
12.292304609218435,250.0,3.729742074636381,3073.076152304609,25.0,1,rated
12.332344689378758,250.0,3.728648805080531,3083.086172344689,25.0,1,rated
12.372384769539078,250.0,3.727616214123461,3093.096192384769,25.0,1,rated
12.412424849699399,250.0,3.726207157934768,3103.1062124248497,25.0,1,rated
12.45246492985972,250.0,3.725395781662154,3113.116232464929,25.0,1,rated
12.49250501002004,250.0,3.7238225602568695,3123.1262525050097,25.0,1,rated
12.53254509018036,250.0,3.7226275514035136,3133.13627254509,25.0,1,rated
12.57258517034068,250.0,3.721555448086827,3143.14629258517,25.0,1,rated
12.612625250501,250.0,3.720444522864008,3153.15631262525,25.0,1,rated
12.652665330661323,250.0,3.7190251614621936,3163.16633266533,25.0,1,rated
12.692705410821643,250.0,3.7181354724161166,3173.176352705411,25.0,1,rated
12.732745490981964,250.0,3.7166450814394114,3183.186372745491,25.0,1,rated
12.772785571142286,250.0,3.7160920285389007,3193.196392785571,25.0,1,rated
12.812825651302607,250.0,3.714631271889448,3203.206412825651,25.0,1,rated
12.852865731462924,250.0,3.7133517120782846,3213.216432865732,25.0,1,rated
12.892905811623246,250.0,3.7121297438685255,3223.226452905812,25.0,1,rated
12.932945891783566,250.0,3.7110644223946734,3233.236472945892,25.0,1,rated
12.972985971943888,250.0,3.709926078786818,3243.246492985972,25.0,1,rated
13.013026052104209,250.0,3.708592580946564,3253.2565130260523,25.0,1,rated
13.05306613226453,250.0,3.707449557566337,3263.266533066132,25.0,1,rated
13.09310621242485,250.0,3.706429135719524,3273.2765531062123,25.0,1,rated
13.13314629258517,250.0,3.705196264500216,3283.2865731462925,25.0,1,rated
13.17318637274549,250.0,3.70432268649734,3293.296593186373,25.0,1,rated
13.213226452905811,250.0,3.7031971883796566,3303.306613226453,25.0,1,rated
13.253266533066132,250.0,3.701807712478892,3313.316633266533,25.0,1,rated
13.293306613226454,250.0,3.700734021294892,3323.326653306613,25.0,1,rated
13.33334669338677,250.0,3.6992067317607975,3333.336673346693,25.0,1,rated
13.373386773547093,250.0,3.698435171648968,3343.346693386773,25.0,1,rated
13.413426853707413,250.0,3.697134716405038,3353.3567134268533,25.0,1,rated
13.453466933867734,250.0,3.696069913778077,3363.366733466933,25.0,1,rated
13.493507014028054,250.0,3.6951239760850254,3373.3767535070137,25.0,1,rated
13.533547094188375,250.0,3.693177211482917,3383.386773547093,25.0,1,rated
13.573587174348695,250.0,3.692513379980919,3393.3967935871738,25.0,1,rated
13.613627254509016,250.0,3.691067278682624,3403.406813627254,25.0,1,rated
13.653667334669336,250.0,3.690229334526703,3413.416833667334,25.0,1,rated
13.693707414829658,250.0,3.688669681440902,3423.4268537074145,25.0,1,rated
13.733747494989979,250.0,3.687652145105536,3433.4368737474947,25.0,1,rated
13.7737875751503,250.0,3.686607860315009,3443.446893787575,25.0,1,rated
13.81382765531062,250.0,3.68550308734422,3453.4569138276547,25.0,1,rated
13.85386773547094,250.0,3.684205175249817,3463.466933867735,25.0,1,rated
13.89390781563126,250.0,3.682838015974897,3473.476953907815,25.0,1,rated
13.933947895791581,250.0,3.681688551919406,3483.4869739478954,25.0,1,rated
13.973987975951902,250.0,3.680774921314753,3493.496993987975,25.0,1,rated
14.014028056112224,250.0,3.679391545064001,3503.507014028056,25.0,1,rated
14.054068136272544,250.0,3.6778461439392736,3513.517034068136,25.0,1,rated
14.094108216432865,250.0,3.677137314476454,3523.527054108216,25.0,1,rated
14.134148296593185,250.0,3.675832695735339,3533.537074148296,25.0,1,rated
14.174188376753506,250.0,3.674699957945268,3543.5470941883764,25.0,1,rated
14.214228456913826,250.0,3.673228518535772,3553.5571142284566,25.0,1,rated
14.254268537074147,250.0,3.6722265606253583,3563.5671342685364,25.0,1,rated
14.294308617234469,250.0,3.6706080934338794,3573.577154308617,25.0,1,rated
14.334348697394791,250.0,3.669687750983624,3583.5871743486973,25.0,1,rated
14.374388777555108,250.0,3.668222962774248,3593.5971943887776,25.0,1,rated
14.414428857715428,250.0,3.6671968159068182,3603.607214428857,25.0,1,rated
14.45446893787575,250.0,3.6659973757374993,3613.6172344689376,25.0,1,rated
14.494509018036071,250.0,3.664376520554704,3623.627254509018,25.0,1,rated
14.534549098196392,250.0,3.663233890386388,3633.637274549098,25.0,1,rated
14.574589178356712,250.0,3.6619650666348393,3643.647294589178,25.0,1,rated
14.614629258517034,250.0,3.660900845534239,3653.6573146292585,25.0,1,rated
14.654669338677355,250.0,3.6595029341877177,3663.6673346693383,25.0,1,rated
14.694709418837675,250.0,3.657806925900848,3673.6773547094185,25.0,1,rated
14.734749498997996,250.0,3.656824086447219,3683.6873747494983,25.0,1,rated
14.774789579158316,250.0,3.6555549662713847,3693.697394789579,25.0,1,rated
14.814829659318637,250.0,3.654495469195917,3703.7074148296592,25.0,1,rated
14.854869739478957,250.0,3.652390789441178,3713.717434869739,25.0,1,rated
14.894909819639278,250.0,3.6512661874047017,3723.7274549098192,25.0,1,rated
14.9349498997996,250.0,3.650277673770612,3733.7374749499,25.0,1,rated
14.97498997995992,250.0,3.648368005909511,3743.74749498998,25.0,1,rated
15.01503006012024,250.0,3.6470174027604023,3753.75751503006,25.0,1,rated
15.055070140280561,250.0,3.645969016399722,3763.76753507014,25.0,1,rated
15.095110220440883,250.0,3.644667392655568,3773.777555110221,25.0,1,rated
15.135150300601204,250.0,3.6429176673717376,3783.7875751503007,25.0,1,rated
15.17519038076152,250.0,3.64173647873635,3793.797595190381,25.0,1,rated
15.215230460921843,250.0,3.6402180271791,3803.8076152304607,25.0,1,rated
15.255270541082165,250.0,3.6390534774497714,3813.817635270541,25.0,1,rated
15.295310621242486,250.0,3.637293199870993,3823.827655310621,25.0,1,rated
15.335350701402806,250.0,3.636023789039297,3833.837675350701,25.0,1,rated
15.375390781563125,250.0,3.6341655878287953,3843.847695390781,25.0,1,rated
15.415430861723445,250.0,3.632817582081528,3853.857715430861,25.0,1,rated
15.455470941883766,250.0,3.631329442305797,3863.867735470941,25.0,1,rated
15.495511022044086,250.0,3.6300561053096327,3873.877755511021,25.0,1,rated
15.535551102204407,250.0,3.628408968923048,3883.8877755511016,25.0,1,rated
15.575591182364727,250.0,3.626592707248279,3893.897795591182,25.0,1,rated
15.615631262525048,250.0,3.6253146988440177,3903.9078156312617,25.0,1,rated
15.65567134268537,250.0,3.623752901713625,3913.9178356713423,25.0,1,rated
15.69571142284569,250.0,3.62198212612421,3923.927855711423,25.0,1,rated
15.73575150300601,250.0,3.6203437991522462,3933.9378757515024,25.0,1,rated
15.775791583166331,250.0,3.618732630741952,3943.947895791583,25.0,1,rated
15.815831663326652,250.0,3.616793623007792,3953.957915831663,25.0,1,rated
15.855871743486972,250.0,3.615516757403703,3963.967935871743,25.0,1,rated
15.895911823647292,250.0,3.613857455809109,3973.977955911823,25.0,1,rated
15.935951903807613,250.0,3.61195409694076,3983.987975951903,25.0,1,rated
15.975991983967933,250.0,3.610577472211761,3993.997995991984,25.0,1,rated
16.016032064128254,250.0,3.6084380694653935,4004.008016032064,25.0,1,rated
16.056072144288574,250.0,3.60683872001968,4014.0180360721433,25.0,1,rated
16.096112224448895,250.0,3.605037278901615,4024.028056112224,25.0,1,rated
16.13615230460922,250.0,3.603661235155638,4034.0380761523047,25.0,1,rated
16.17619238476954,250.0,3.6010248271351077,4044.048096192385,25.0,1,rated
16.21623246492986,250.0,3.5994889909843275,4054.0581162324647,25.0,1,rated
16.25627254509018,250.0,3.597548910743659,4064.068136272545,25.0,1,rated
16.2963126252505,250.0,3.5953736224674486,4074.078156312625,25.0,1,rated
16.33635270541082,250.0,3.593426950263972,4084.088176352705,25.0,1,rated
16.37639278557114,250.0,3.5908388224544185,4094.098196392785,25.0,1,rated
16.416432865731462,250.0,3.588389719526721,4104.108216432865,25.0,1,rated
16.456472945891782,250.0,3.586764505961234,4114.118236472946,25.0,1,rated
16.496513026052103,250.0,3.584097667709996,4124.128256513026,25.0,1,rated
16.536553106212423,250.0,3.5819589140926618,4134.138276553106,25.0,1,rated
16.576593186372744,250.0,3.5794388053013977,4144.1482965931855,25.0,1,rated
16.616633266533064,250.0,3.5774997929553707,4154.158316633266,25.0,1,rated
16.656673346693385,250.0,3.5750428243065597,4164.168336673346,25.0,1,rated
16.696713426853705,250.0,3.572273320737632,4174.178356713426,25.0,1,rated
16.736753507014026,250.0,3.570113990526504,4184.188376753506,25.0,1,rated
16.77679358717435,250.0,3.567443275716472,4194.198396793588,25.0,1,rated
16.81683366733467,250.0,3.5648479899673,4204.208416833668,25.0,1,rated
16.85687374749499,250.0,3.5623166678387186,4214.218436873747,25.0,1,rated
16.89691382765531,250.0,3.5596677706536517,4224.228456913827,25.0,1,rated
16.93695390781563,250.0,3.557209626786424,4234.238476953908,25.0,1,rated
16.976993987975952,250.0,3.5545035195868397,4244.248496993988,25.0,1,rated
17.017034068136272,250.0,3.5517042500559195,4254.258517034068,25.0,1,rated
17.057074148296593,250.0,3.5492873070625084,4264.268537074148,25.0,1,rated
17.097114228456913,250.0,3.5462562421765327,4274.2785571142285,25.0,1,rated
17.137154308617234,250.0,3.54371032431456,4284.288577154309,25.0,1,rated
17.177194388777554,250.0,3.540995037789294,4294.298597194388,25.0,1,rated
17.217234468937875,250.0,3.5384486560410635,4304.308617234468,25.0,1,rated
17.257274549098195,250.0,3.5352800629977525,4314.318637274549,25.0,1,rated
17.297314629258516,250.0,3.532945343070601,4324.328657314629,25.0,1,rated
17.337354709418836,250.0,3.529836203494489,4334.338677354709,25.0,1,rated
17.37739478957916,250.0,3.526956437599086,4344.34869739479,25.0,1,rated
17.41743486973948,250.0,3.524046369404626,4354.35871743487,25.0,1,rated
17.457474949899797,250.0,3.5214764720510825,4364.368737474949,25.0,1,rated
17.497515030060118,250.0,3.5185414182098,4374.378757515029,25.0,1,rated
17.53755511022044,250.0,3.5154787454248626,4384.388777555109,25.0,1,rated
17.57759519038076,250.0,3.5126384942257505,4394.3987975951895,25.0,1,rated
17.61763527054108,250.0,3.509915690410528,4404.40881763527,25.0,1,rated
17.6576753507014,250.0,3.5070537837928524,4414.41883767535,25.0,1,rated
17.69771543086172,250.0,3.50457005430628,4424.42885771543,25.0,1,rated
17.73775551102204,250.0,3.5017922783569237,4434.438877755511,25.0,1,rated
17.777795591182365,250.0,3.498859577468903,4444.448897795591,25.0,1,rated
17.817835671342685,250.0,3.4959310020886587,4454.458917835671,25.0,1,rated
17.857875751503006,250.0,3.4929535612976483,4464.468937875751,25.0,1,rated
17.897915831663326,250.0,3.490237454014324,4474.478957915831,25.0,1,rated
17.937955911823646,250.0,3.4875997649529444,4484.488977955912,25.0,1,rated
17.977995991983967,250.0,3.485055551867078,4494.498997995992,25.0,1,rated
18.018036072144287,250.0,3.4820300887612983,4504.509018036072,25.0,1,rated
18.058076152304608,250.0,3.4790225455649155,4514.519038076151,25.0,1,rated
18.09811623246493,250.0,3.4763316695984128,4524.529058116232,25.0,1,rated
18.13815631262525,250.0,3.4734886596507777,4534.539078156312,25.0,1,rated
18.17819639278557,250.0,3.470706810364152,4544.549098196392,25.0,1,rated
18.21823647294589,250.0,3.468122930470133,4554.559118236472,25.0,1,rated
18.258276553106207,250.0,3.465515107885472,4564.569138276553,25.0,1,rated
18.298316633266527,250.0,3.463180438568359,4574.579158316633,25.0,1,rated
18.33835671342685,250.0,3.46018335521886,4584.589178356713,25.0,1,rated
18.37839679358717,250.0,3.4578316159504308,4594.599198396792,25.0,1,rated
18.418436873747495,250.0,3.455341266531452,4604.609218436874,25.0,1,rated
18.458476953907816,250.0,3.4524698669106257,4614.619238476954,25.0,1,rated
18.498517034068136,250.0,3.45027767333033,4624.629258517034,25.0,1,rated
18.538557114228457,250.0,3.447633739798164,4634.639278557114,25.0,1,rated
18.578597194388777,250.0,3.4449714751242384,4644.6492985971945,25.0,1,rated
18.618637274549094,250.0,3.4426987973090437,4654.659318637275,25.0,1,rated
18.65867735470942,250.0,3.4402646249967157,4664.669338677354,25.0,1,rated
18.69871743486974,250.0,3.4378483381176657,4674.679358717434,25.0,1,rated
18.73875751503006,250.0,3.435507233882444,4684.6893787575145,25.0,1,rated
18.77879759519038,250.0,3.4332424032632933,4694.699398797595,25.0,1,rated
18.8188376753507,250.0,3.4309783153257447,4704.709418837675,25.0,1,rated
18.85887775551102,250.0,3.428401035237629,4714.719438877755,25.0,1,rated
18.89891783567134,250.0,3.426277516381563,4724.729458917836,25.0,1,rated
18.93895791583166,250.0,3.4236916207650374,4734.739478957916,25.0,1,rated
18.978997995991985,250.0,3.421776096825261,4744.749498997995,25.0,1,rated
19.019038076152302,250.0,3.419583484223405,4754.759519038075,25.0,1,rated
19.059078156312623,250.0,3.4172291950919824,4764.769539078156,25.0,1,rated
19.099118236472943,250.0,3.414989860290324,4774.779559118237,25.0,1,rated
19.139158316633267,250.0,3.4127814421022014,4784.789579158317,25.0,1,rated
19.179198396793588,250.0,3.410251507966468,4794.799599198397,25.0,1,rated
19.219238476953908,250.0,3.408043936395891,4804.809619238477,25.0,1,rated
19.25927855711423,250.0,3.4058831245339385,4814.819639278557,25.0,1,rated
19.299318637274553,250.0,3.4036483197008662,4824.829659318637,25.0,1,rated
19.339358717434873,250.0,3.401167570280613,4834.839679358717,25.0,1,rated
19.379398797595194,250.0,3.399209274895267,4844.849699398797,25.0,1,rated
19.41943887775551,250.0,3.396255854017191,4854.859719438878,25.0,1,rated
19.459478957915827,250.0,3.3940106199950644,4864.869739478958,25.0,1,rated
19.499519038076148,250.0,3.391557566425492,4874.879759519038,25.0,1,rated
19.53955911823647,250.0,3.388723803650657,4884.889779559117,25.0,1,rated
19.579599198396792,250.0,3.385981428069355,4894.899799599198,25.0,1,rated
19.619639278557113,250.0,3.383248451928299,4904.909819639278,25.0,1,rated
19.659679358717433,250.0,3.380797171170268,4914.919839679358,25.0,1,rated
19.699719438877754,250.0,3.37820265135255,4924.929859719438,25.0,1,rated
19.73975951903807,250.0,3.375182770313945,4934.939879759519,25.0,1,rated
19.77979959919839,250.0,3.372238650549324,4944.949899799599,25.0,1,rated
19.819839679358715,250.0,3.36912751083162,4954.959919839679,25.0,1,rated
19.859879759519036,250.0,3.3662342979490005,4964.969939879758,25.0,1,rated
19.899919839679356,250.0,3.3625289608529707,4974.979959919839,25.0,1,rated
19.939959919839676,250.0,3.359747765987302,4984.989979959919,25.0,1,rated
19.98,250.0,3.356359042632008,4995.0,25.0,1,rated
19.98,-250.0,4.122416523252988,0.0,25.0,1,ratec
20.02004008016032,-250.0,4.120611379181773,10.01002004008016,25.0,1,ratec
20.06008016032064,-250.0,4.117439618625563,20.02004008016032,25.0,1,ratec
20.10012024048096,-250.0,4.115100452460028,30.03006012024048,25.0,1,ratec
20.14016032064128,-250.0,4.112735493070305,40.04008016032064,25.0,1,ratec
20.1802004008016,-250.0,4.110921142461788,50.0501002004008,25.0,1,ratec
20.220240480961923,-250.0,4.10831138944833,60.06012024048096,25.0,1,ratec
20.260280561122244,-250.0,4.106482049764093,70.07014028056112,25.0,1,ratec
20.300320641282564,-250.0,4.104397347347059,80.08016032064127,25.0,1,ratec
20.340360721442885,-250.0,4.102338361240241,90.09018036072143,25.0,1,ratec
20.380400801603205,-250.0,4.1001093884569,100.1002004008016,25.0,1,ratec
20.42044088176353,-250.0,4.098413695513867,110.11022044088176,25.0,1,ratec
20.46048096192385,-250.0,4.097112625450407,120.12024048096193,25.0,1,ratec
20.500521042084166,-250.0,4.094801130133134,130.13026052104206,25.0,1,ratec
20.540561122244487,-250.0,4.093206849380574,140.14028056112224,25.0,1,ratec
20.580601202404807,-250.0,4.091686346035391,150.15030060120242,25.0,1,ratec
20.620641282565128,-250.0,4.09025701873396,160.16032064128254,25.0,1,ratec
20.660681362725448,-250.0,4.088551879154219,170.17034068136272,25.0,1,ratec
20.70072144288577,-250.0,4.087085290766085,180.18036072144287,25.0,1,ratec
20.74076152304609,-250.0,4.085186848531982,190.19038076152304,25.0,1,ratec
20.780801603206417,-250.0,4.084079877772571,200.2004008016032,25.0,1,ratec
20.820841683366737,-250.0,4.082521627727814,210.21042084168332,25.0,1,ratec
20.860881763527058,-250.0,4.080631187804324,220.2204408817635,25.0,1,ratec
20.900921843687374,-250.0,4.079824836752559,230.23046092184367,25.0,1,ratec
20.9409619238477,-250.0,4.078565654728061,240.24048096192385,25.0,1,ratec
20.98100200400802,-250.0,4.076566444983701,250.250501002004,25.0,1,ratec
21.02104208416834,-250.0,4.075366034776256,260.2605210420841,25.0,1,ratec
21.06108216432866,-250.0,4.074289985750692,270.2705410821643,25.0,1,ratec
21.10112224448898,-250.0,4.072389798277299,280.2805611222445,25.0,1,ratec
21.1411623246493,-250.0,4.070982662221099,290.29058116232466,25.0,1,ratec
21.18120240480962,-250.0,4.069833971099457,300.30060120240483,25.0,1,ratec
21.22124248496994,-250.0,4.068709904687502,310.3106212424849,25.0,1,ratec
21.261282565130266,-250.0,4.067453915009786,320.3206412825651,25.0,1,ratec
21.301322645290583,-250.0,4.066452780385534,330.33066132264526,25.0,1,ratec
21.341362725450903,-250.0,4.065161242619552,340.34068136272543,25.0,1,ratec
21.381402805611224,-250.0,4.06364815598707,350.3507014028056,25.0,1,ratec
21.421442885771544,-250.0,4.0628133900339565,360.3607214428857,25.0,1,ratec
21.461482965931864,-250.0,4.06188907421794,370.3707414829659,25.0,1,ratec
21.501523046092185,-250.0,4.060578908829451,380.380761523046,25.0,1,ratec
21.541563126252505,-250.0,4.0593729504062175,390.3907815631262,25.0,1,ratec
21.581603206412822,-250.0,4.058023081169074,400.4008016032064,25.0,1,ratec
21.621643286573143,-250.0,4.057068269057277,410.41082164328657,25.0,1,ratec
21.661683366733463,-250.0,4.055538088742258,420.4208416833667,25.0,1,ratec
21.701723446893787,-250.0,4.054747660899123,430.43086172344687,25.0,1,ratec
21.741763527054108,-250.0,4.053451615895501,440.440881763527,25.0,1,ratec
21.781803607214428,-250.0,4.052571414073491,450.4509018036072,25.0,1,ratec
21.82184368737475,-250.0,4.051318256950172,460.46092184368734,25.0,1,ratec
21.861883767535073,-250.0,4.049889650144904,470.4709418837675,25.0,1,ratec
21.901923847695393,-250.0,4.04901764011563,480.4809619238477,25.0,1,ratec
21.941963927855713,-250.0,4.048121040207189,490.4909819639278,25.0,1,ratec
21.98200400801603,-250.0,4.046536937294545,500.501002004008,25.0,1,ratec
22.02204408817635,-250.0,4.045535472828935,510.5110220440881,25.0,1,ratec
22.06208416833667,-250.0,4.044376306315227,520.5210420841682,25.0,1,ratec
22.10212424849699,-250.0,4.043110970025109,530.5310621242485,25.0,1,ratec
22.142164328657312,-250.0,4.042478824153141,540.5410821643286,25.0,1,ratec
22.182204408817633,-250.0,4.041420749036815,550.5511022044087,25.0,1,ratec
22.222244488977953,-250.0,4.040185139893634,560.561122244489,25.0,1,ratec
22.262284569138274,-250.0,4.038933924393834,570.5711422845691,25.0,1,ratec
22.3023246492986,-250.0,4.037728075339561,580.5811623246493,25.0,1,ratec
22.34236472945891,-250.0,4.036631315638398,590.5911823647294,25.0,1,ratec
22.38240480961924,-250.0,4.035273063300477,600.6012024048097,25.0,1,ratec
22.422444889779555,-250.0,4.034424159853583,610.6112224448897,25.0,1,ratec
22.46248496993988,-250.0,4.033269696153188,620.6212424849698,25.0,1,ratec
22.502525050100203,-250.0,4.032050613416649,630.63126252505,25.0,1,ratec
22.542565130260524,-250.0,4.030548831515643,640.6412825651302,25.0,1,ratec
22.582605210420844,-250.0,4.029448137266081,650.6513026052104,25.0,1,ratec
22.622645290581165,-250.0,4.028162363622852,660.6613226452905,25.0,1,ratec
22.66268537074149,-250.0,4.027301035644945,670.6713426853707,25.0,1,ratec
22.70272545090181,-250.0,4.025710907701479,680.6813627254509,25.0,1,ratec
22.74276553106213,-250.0,4.024013241832914,690.6913827655311,25.0,1,ratec
22.782805611222447,-250.0,4.023175631309973,700.7014028056112,25.0,1,ratec
22.822845691382767,-250.0,4.022176448363226,710.7114228456912,25.0,1,ratec
22.862885771543088,-250.0,4.020638952701704,720.7214428857715,25.0,1,ratec
22.902925851703408,-250.0,4.019377660202909,730.7314629258517,25.0,1,ratec
22.94296593186373,-250.0,4.017906814220051,740.7414829659318,25.0,1,ratec
22.98300601202405,-250.0,4.016201219524517,750.751503006012,25.0,1,ratec
23.02304609218437,-250.0,4.014927465821253,760.7615230460921,25.0,1,ratec
23.063086172344686,-250.0,4.013732539008613,770.7715430861723,25.0,1,ratec
23.103126252505007,-250.0,4.012646831334783,780.7815631262524,25.0,1,ratec
23.143166332665327,-250.0,4.011422991353205,790.7915831663327,25.0,1,ratec
23.18320641282565,-250.0,4.010186059875083,800.8016032064128,25.0,1,ratec
23.22324649298597,-250.0,4.008665729051832,810.811623246493,25.0,1,ratec
23.263286573146292,-250.0,4.007609375098728,820.8216432865731,25.0,1,ratec
23.303326653306613,-250.0,4.006044799798906,830.8316633266534,25.0,1,ratec
23.343366733466937,-250.0,4.004641270413878,840.8416833667334,25.0,1,ratec
23.383406813627257,-250.0,4.003632640635177,850.8517034068135,25.0,1,ratec
23.423446893787577,-250.0,4.001958359225332,860.8617234468937,25.0,1,ratec
23.463486973947894,-250.0,4.000273225866327,870.8717434869739,25.0,1,ratec
23.503527054108215,-250.0,3.99928377157786,880.881763527054,25.0,1,ratec
23.543567134268535,-250.0,3.99819030710848,890.8917835671341,25.0,1,ratec
23.583607214428856,-250.0,3.996230210855817,900.9018036072144,25.0,1,ratec
23.623647294589176,-250.0,3.9954487156911056,910.9118236472945,25.0,1,ratec
23.663687374749497,-250.0,3.99412681455172,920.9218436873748,25.0,1,ratec
23.703727454909817,-250.0,3.992580289929173,930.9318637274548,25.0,1,ratec
23.743767535070138,-250.0,3.991240754851856,940.941883767535,25.0,1,ratec
23.783807615230455,-250.0,3.990115830245224,950.9519038076152,25.0,1,ratec
23.82384769539078,-250.0,3.9887694291051967,960.9619238476952,25.0,1,ratec
23.8638877755511,-250.0,3.98780088550544,970.9719438877754,25.0,1,ratec
23.90392785571142,-250.0,3.986293519983133,980.9819639278556,25.0,1,ratec
23.943967935871743,-250.0,3.984571681507607,990.9919839679358,25.0,1,ratec
23.98400801603206,-250.0,3.983385953923348,1001.002004008016,25.0,1,ratec
24.024048096192388,-250.0,3.9823667372873,1011.0120240480962,25.0,1,ratec
24.06408817635271,-250.0,3.9812735889901263,1021.0220440881762,25.0,1,ratec
24.10412825651303,-250.0,3.979640304825396,1031.0320641282565,25.0,1,ratec
24.144168336673353,-250.0,3.978293752107688,1041.0420841683365,25.0,1,ratec
24.184208416833673,-250.0,3.977272424891448,1051.052104208417,25.0,1,ratec
24.224248496993994,-250.0,3.975564531783364,1061.062124248497,25.0,1,ratec
24.26428857715431,-250.0,3.9741762311736992,1071.0721442885772,25.0,1,ratec
24.30432865731463,-250.0,3.9726246472677,1081.0821643286572,25.0,1,ratec
24.34436873747495,-250.0,3.9714742665780456,1091.0921843687372,25.0,1,ratec
24.384408817635272,-250.0,3.9706825789708353,1101.1022044088174,25.0,1,ratec
24.424448897795592,-250.0,3.968632915375082,1111.1122244488977,25.0,1,ratec
24.464488977955913,-250.0,3.967590456575593,1121.122244488978,25.0,1,ratec
24.504529058116233,-250.0,3.965978101424627,1131.132264529058,25.0,1,ratec
24.54456913827655,-250.0,3.9649576715770993,1141.1422845691382,25.0,1,ratec
24.58460921843687,-250.0,3.963782442972685,1151.1523046092184,25.0,1,ratec
24.62464929859719,-250.0,3.962229915105719,1161.1623246492986,25.0,1,ratec
24.664689378757515,-250.0,3.961099306940559,1171.1723446893786,25.0,1,ratec
24.704729458917836,-250.0,3.959772926593499,1181.1823647294589,25.0,1,ratec
24.744769539078156,-250.0,3.958394677704544,1191.192384769539,25.0,1,ratec
24.784809619238477,-250.0,3.957326098571107,1201.202404809619,25.0,1,ratec
24.8248496993988,-250.0,3.9558173207748495,1211.2124248496991,25.0,1,ratec
24.86488977955912,-250.0,3.954280460452523,1221.2224448897794,25.0,1,ratec
24.90492985971944,-250.0,3.952886448312574,1231.2324649298596,25.0,1,ratec
24.94496993987976,-250.0,3.951536040710064,1241.2424849699396,25.0,1,ratec
24.98501002004008,-250.0,3.9504841594711047,1251.2525050100198,25.0,1,ratec
25.0250501002004,-250.0,3.949009587417408,1261.2625250501,25.0,1,ratec
25.06509018036072,-250.0,3.948307039523356,1271.2725450901803,25.0,1,ratec
25.10513026052104,-250.0,3.946818165256541,1281.2825651302603,25.0,1,ratec
25.14517034068136,-250.0,3.9450969025858913,1291.2925851703403,25.0,1,ratec
25.185210420841685,-250.0,3.943765841561799,1301.3026052104208,25.0,1,ratec
25.225250501002,-250.0,3.9428633590725446,1311.312625250501,25.0,1,ratec
25.26529058116232,-250.0,3.9408441700232286,1321.322645290581,25.0,1,ratec
25.30533066132264,-250.0,3.939827978999545,1331.3326653306613,25.0,1,ratec
25.345370741482967,-250.0,3.938807883593779,1341.3426853707415,25.0,1,ratec
25.385410821643283,-250.0,3.937136818187776,1351.3527054108215,25.0,1,ratec
25.425450901803607,-250.0,3.935927506457874,1361.3627254509015,25.0,1,ratec
25.465490981963924,-250.0,3.934658474967909,1371.3727454909815,25.0,1,ratec
25.50553106212425,-250.0,3.933568958393116,1381.3827655310622,25.0,1,ratec
25.545571142284572,-250.0,3.932174725053465,1391.3927855711422,25.0,1,ratec
25.585611222444893,-250.0,3.930940456377193,1401.4028056112224,25.0,1,ratec
25.62565130260521,-250.0,3.929694377840704,1411.4128256513022,25.0,1,ratec
25.665691382765537,-250.0,3.928299120669679,1421.4228456913825,25.0,1,ratec
25.705731462925847,-250.0,3.927235654665864,1431.4328657314627,25.0,1,ratec
25.745771543086175,-250.0,3.925590821273908,1441.442885771543,25.0,1,ratec
25.78581162324649,-250.0,3.9241751903366087,1451.452905811623,25.0,1,ratec
25.825851703406816,-250.0,3.922835638574017,1461.4629258517034,25.0,1,ratec
25.865891783567136,-250.0,3.9215982737278767,1471.4729458917834,25.0,1,ratec
25.905931863727456,-250.0,3.92054690942476,1481.4829659318636,25.0,1,ratec
25.945971943887777,-250.0,3.9196007856388246,1491.4929859719437,25.0,1,ratec
25.986012024048097,-250.0,3.918170644094338,1501.503006012024,25.0,1,ratec
26.026052104208414,-250.0,3.9167604506875056,1511.513026052104,25.0,1,ratec
26.06609218436874,-250.0,3.9154138969319,1521.523046092184,25.0,1,ratec
26.10613226452906,-250.0,3.914273201726546,1531.5330661322644,25.0,1,ratec
26.14617234468938,-250.0,3.913052803141935,1541.5430861723446,25.0,1,ratec
26.1862124248497,-250.0,3.911778564849611,1551.5531062124248,25.0,1,ratec
26.22625250501002,-250.0,3.910366132430703,1561.5631262525048,25.0,1,ratec
26.26629258517034,-250.0,3.909320968836596,1571.573146292585,25.0,1,ratec
26.30633266533066,-250.0,3.908385436945144,1581.583166332665,25.0,1,ratec
26.34637274549098,-250.0,3.906515315287149,1591.5931863727455,25.0,1,ratec
26.386412825651306,-250.0,3.905672648564998,1601.6032064128256,25.0,1,ratec
26.426452905811622,-250.0,3.904069297547229,1611.6132264529058,25.0,1,ratec
26.466492985971943,-250.0,3.9033051951813778,1621.623246492986,25.0,1,ratec
26.506533066132263,-250.0,3.901896285572173,1631.633266533066,25.0,1,ratec
26.546573146292584,-250.0,3.900407980885527,1641.6432865731465,25.0,1,ratec
26.586613226452904,-250.0,3.899626688831289,1651.6533066132265,25.0,1,ratec
26.626653306613225,-250.0,3.898753512271203,1661.6633266533067,25.0,1,ratec
26.666693386773545,-250.0,3.897197302975058,1671.6733466933863,25.0,1,ratec
26.706733466933866,-250.0,3.8961953449214137,1681.6833667334668,25.0,1,ratec
26.746773547094183,-250.0,3.894738074016536,1691.6933867735468,25.0,1,ratec
26.786813627254503,-250.0,3.89311212914736,1701.703406813627,25.0,1,ratec
26.826853707414823,-250.0,3.8924348583985218,1711.7134268537072,25.0,1,ratec
26.866893787575147,-250.0,3.891048020025488,1721.7234468937877,25.0,1,ratec
26.906933867735468,-250.0,3.88963593071449,1731.7334669338677,25.0,1,ratec
26.94697394789579,-250.0,3.888883702302373,1741.7434869739477,25.0,1,ratec
26.987014028056112,-250.0,3.8875841670302993,1751.753507014028,25.0,1,ratec
27.027054108216433,-250.0,3.886223405248413,1761.763527054108,25.0,1,ratec
27.067094188376757,-250.0,3.88530538165838,1771.7735470941882,25.0,1,ratec
27.107134268537074,-250.0,3.883762180741552,1781.7835671342682,25.0,1,ratec
27.1471743486974,-250.0,3.882871613557402,1791.7935871743489,25.0,1,ratec
27.18721442885771,-250.0,3.8813626293707535,1801.803607214429,25.0,1,ratec
27.22725450901804,-250.0,3.880466727039965,1811.813627254509,25.0,1,ratec
27.267294589178352,-250.0,3.878950379197478,1821.823647294589,25.0,1,ratec
27.30733466933868,-250.0,3.878280295029168,1831.8336673346691,25.0,1,ratec
27.347374749499,-250.0,3.8768465412218234,1841.8436873747492,25.0,1,ratec
27.38741482965932,-250.0,3.875896728637025,1851.8537074148296,25.0,1,ratec
27.42745490981964,-250.0,3.874261347696746,1861.8637274549096,25.0,1,ratec
27.46749498997996,-250.0,3.8731474669101695,1871.87374749499,25.0,1,ratec
27.50753507014028,-250.0,3.872228595878738,1881.88376753507,25.0,1,ratec
27.5475751503006,-250.0,3.870330977893072,1891.8937875751503,25.0,1,ratec
27.58761523046092,-250.0,3.8694864622525977,1901.9038076152303,25.0,1,ratec
27.627655310621243,-250.0,3.8687275534395424,1911.9138276553103,25.0,1,ratec
27.667695390781564,-250.0,3.867435993891859,1921.9238476953904,25.0,1,ratec
27.707735470941884,-250.0,3.8663616940536607,1931.9338677354704,25.0,1,ratec
27.747775551102205,-250.0,3.864927828173631,1941.9438877755508,25.0,1,ratec
27.78781563126253,-250.0,3.8639272502286808,1951.9539078156308,25.0,1,ratec
27.82785571142285,-250.0,3.86249373916274,1961.9639278557115,25.0,1,ratec
27.86789579158317,-250.0,3.8611917190984624,1971.9739478957915,25.0,1,ratec
27.907935871743486,-250.0,3.8599540586508976,1981.9839679358715,25.0,1,ratec
27.947975951903807,-250.0,3.859010243351207,1991.9939879759515,25.0,1,ratec
27.988016032064127,-250.0,3.8578389835744886,2002.004008016032,25.0,1,ratec
28.028056112224448,-250.0,3.8566516597744727,2012.014028056112,25.0,1,ratec
28.06809619238477,-250.0,3.854897072283936,2022.0240480961925,25.0,1,ratec
28.10813627254509,-250.0,3.8540369030390687,2032.0340681362725,25.0,1,ratec
28.14817635270541,-250.0,3.853160338026642,2042.0440881763525,25.0,1,ratec
28.18821643286573,-250.0,3.85215491672754,2052.0541082164327,25.0,1,ratec
28.228256513026047,-250.0,3.850812769694353,2062.064128256513,25.0,1,ratec
28.268296593186367,-250.0,3.849584487364108,2072.0741482965927,25.0,1,ratec
28.30833667334669,-250.0,3.848129792317504,2082.084168336673,25.0,1,ratec
28.34837675350701,-250.0,3.8478276463946974,2092.094188376753,25.0,1,ratec
28.388416833667335,-250.0,3.846035181184256,2102.104208416834,25.0,1,ratec
28.428456913827652,-250.0,3.8454242946990873,2112.1142284569137,25.0,1,ratec
28.468496993987976,-250.0,3.844232077392161,2122.124248496994,25.0,1,ratec
28.508537074148297,-250.0,3.842807121592647,2132.134268537074,25.0,1,ratec
28.548577154308617,-250.0,3.841470238030315,2142.1442885771544,25.0,1,ratec
28.588617234468938,-250.0,3.8404436135382505,2152.154308617234,25.0,1,ratec
28.628657314629265,-250.0,3.8390189167743887,2162.1643286573144,25.0,1,ratec
28.668697394789582,-250.0,3.8381339279758815,2172.174348697395,25.0,1,ratec
28.708737474949903,-250.0,3.8369144890332954,2182.1843687374744,25.0,1,ratec
28.748777555110216,-250.0,3.835852226609997,2192.1943887775547,25.0,1,ratec
28.788817635270536,-250.0,3.834767630205993,2202.204408817635,25.0,1,ratec
28.828857715430857,-250.0,3.833755553768444,2212.214428857715,25.0,1,ratec
28.868897795591185,-250.0,3.832162457321266,2222.224448897796,25.0,1,ratec
28.908937875751505,-250.0,3.8312795815991088,2232.234468937876,25.0,1,ratec
28.948977955911825,-250.0,3.829742960264668,2242.244488977956,25.0,1,ratec
28.989018036072142,-250.0,3.828552336122045,2252.254509018036,25.0,1,ratec
29.029058116232463,-250.0,3.827437115248428,2262.264529058116,25.0,1,ratec
29.069098196392783,-250.0,3.826193291149135,2272.274549098196,25.0,1,ratec
29.109138276553107,-250.0,3.825414133037284,2282.2845691382763,25.0,1,ratec
29.149178356713424,-250.0,3.8242305202708304,2292.2945891783565,25.0,1,ratec
29.189218436873748,-250.0,3.8231274800659305,2302.304609218437,25.0,1,ratec
29.22925851703407,-250.0,3.821694414955589,2312.314629258517,25.0,1,ratec
29.269298597194393,-250.0,3.82058007810478,2322.3246492985973,25.0,1,ratec
29.309338677354713,-250.0,3.819234470436836,2332.334669338677,25.0,1,ratec
29.349378757515034,-250.0,3.81794410275252,2342.3446893787573,25.0,1,ratec
29.38941883767535,-250.0,3.817086980739941,2352.354709418837,25.0,1,ratec
29.42945891783567,-250.0,3.815873741551972,2362.3647294589177,25.0,1,ratec
29.46949899799599,-250.0,3.8144204667187886,2372.374749498997,25.0,1,ratec
29.509539078156312,-250.0,3.813580030019814,2382.384769539078,25.0,1,ratec
29.549579158316636,-250.0,3.811934982613359,2392.3947895791584,25.0,1,ratec
29.589619238476953,-250.0,3.811067142029272,2402.4048096192387,25.0,1,ratec
29.629659318637277,-250.0,3.8097957203798303,2412.4148296593185,25.0,1,ratec
29.669699398797594,-250.0,3.8086339757902192,2422.4248496993987,25.0,1,ratec
29.70973947895791,-250.0,3.807340372521798,2432.434869739479,25.0,1,ratec
29.74977955911823,-250.0,3.806563959771799,2442.4448897795587,25.0,1,ratec
29.789819639278555,-250.0,3.8053021900059782,2452.454909819639,25.0,1,ratec
29.829859719438875,-250.0,3.804240345044507,2462.464929859719,25.0,1,ratec
29.869899799599196,-250.0,3.802843520994079,2472.4749498997994,25.0,1,ratec
29.909939879759516,-250.0,3.80137064992046,2482.484969939879,25.0,1,ratec
29.949979959919837,-250.0,3.800366356756517,2492.4949899799594,25.0,1,ratec
29.99002004008016,-250.0,3.7990147858778127,2502.50501002004,25.0,1,ratec
30.03006012024048,-250.0,3.7981523955087537,2512.5150300601204,25.0,1,ratec
30.0701002004008,-250.0,3.797111718044641,2522.5250501002,25.0,1,ratec
30.11014028056112,-250.0,3.795743107354541,2532.5350701402804,25.0,1,ratec
30.15018036072144,-250.0,3.79436424823328,2542.5450901803606,25.0,1,ratec
30.190220440881767,-250.0,3.79321587954193,2552.555110220441,25.0,1,ratec
30.23026052104208,-250.0,3.792135335615999,2562.5651302605206,25.0,1,ratec
30.270300601202408,-250.0,3.790608761572574,2572.575150300601,25.0,1,ratec
30.31034068136272,-250.0,3.789730206390648,2582.585170340681,25.0,1,ratec
30.35038076152305,-250.0,3.788541282611221,2592.5951903807613,25.0,1,ratec
30.39042084168337,-250.0,3.78719265438543,2602.6052104208416,25.0,1,ratec
30.43046092184369,-250.0,3.7860168173712334,2612.615230460922,25.0,1,ratec
30.470501002004006,-250.0,3.784932095044697,2622.625250501002,25.0,1,ratec
30.510541082164327,-250.0,3.783530128953533,2632.635270541082,25.0,1,ratec
30.550581162324647,-250.0,3.782324892374674,2642.645290581162,25.0,1,ratec
30.59062124248497,-250.0,3.7814388936085424,2652.6553106212423,25.0,1,ratec
30.630661322645288,-250.0,3.78012018306157,2662.6653306613225,25.0,1,ratec
30.670701402805612,-250.0,3.7792025247877543,2672.6753507014027,25.0,1,ratec
30.710741482965933,-250.0,3.77745913197378,2682.685370741483,25.0,1,ratec
30.750781563126257,-250.0,3.776089100953966,2692.695390781563,25.0,1,ratec
30.790821643286577,-250.0,3.775420280549705,2702.7054108216435,25.0,1,ratec
30.830861723446898,-250.0,3.774212053436487,2712.7154308617232,25.0,1,ratec
30.870901803607214,-250.0,3.7726644830473615,2722.7254509018035,25.0,1,ratec
30.910941883767535,-250.0,3.771312952452744,2732.735470941884,25.0,1,ratec
30.950981963927855,-250.0,3.77039451246564,2742.7454909819635,25.0,1,ratec
30.991022044088176,-250.0,3.768853532423312,2752.755511022044,25.0,1,ratec
31.0310621242485,-250.0,3.7679381332807247,2762.7655310621244,25.0,1,ratec
31.071102204408817,-250.0,3.766375119873495,2772.7755511022046,25.0,1,ratec
31.11114228456914,-250.0,3.765571566261671,2782.7855711422844,25.0,1,ratec
31.151182364729458,-250.0,3.76400512906159,2792.7955911823647,25.0,1,ratec
31.19122244488978,-250.0,3.763194179099852,2802.805611222445,25.0,1,ratec
31.2312625250501,-250.0,3.7623596149829273,2812.815631262525,25.0,1,ratec
31.27130260521042,-250.0,3.760819470805443,2822.8256513026045,25.0,1,ratec
31.31134268537074,-250.0,3.759845599698736,2832.8356713426847,25.0,1,ratec
31.35138276553106,-250.0,3.75838403738008,2842.845691382765,25.0,1,ratec
31.39142284569138,-250.0,3.757156529085693,2852.855711422845,25.0,1,ratec
31.4314629258517,-250.0,3.755859768803914,2862.8657314629254,25.0,1,ratec
31.47150300601202,-250.0,3.7551935043801294,2872.8757515030056,25.0,1,ratec
31.511543086172345,-250.0,3.753801517976824,2882.885771543086,25.0,1,ratec
31.551583166332662,-250.0,3.752966775441328,2892.8957915831656,25.0,1,ratec
31.591623246492983,-250.0,3.751237186182926,2902.905811623246,25.0,1,ratec
31.631663326653303,-250.0,3.75026032333725,2912.915831663326,25.0,1,ratec
31.671703406813627,-250.0,3.7491540385456856,2922.925851703407,25.0,1,ratec
31.711743486973944,-250.0,3.748255075939528,2932.9358717434866,25.0,1,ratec
31.75178356713427,-250.0,3.747172563585792,2942.945891783567,25.0,1,ratec
31.791823647294585,-250.0,3.745515001286671,2952.955911823647,25.0,1,ratec
31.831863727454913,-250.0,3.7442555283282695,2962.9659318637277,25.0,1,ratec
31.871903807615222,-250.0,3.7429733166201866,2972.975951903807,25.0,1,ratec
31.911943887775553,-250.0,3.7424270800103945,2982.9859719438878,25.0,1,ratec
31.951983967935863,-250.0,3.740982048849841,2992.9959919839675,25.0,1,ratec
31.99202404809619,-250.0,3.739710240894045,3003.006012024048,25.0,1,ratec
32.03206412825651,-250.0,3.738670426720709,3013.016032064128,25.0,1,ratec
32.07210420841683,-250.0,3.73701031493998,3023.026052104208,25.0,1,ratec
32.11214428857715,-250.0,3.736018469012016,3033.0360721442885,25.0,1,ratec
32.15218436873747,-250.0,3.735392485730272,3043.0460921843683,25.0,1,ratec
32.19222444889779,-250.0,3.734126605715415,3053.0561122244485,25.0,1,ratec
32.232264529058114,-250.0,3.732919546913924,3063.0661322645287,25.0,1,ratec
32.27230460921843,-250.0,3.731531296925705,3073.076152304609,25.0,1,ratec
32.312344689378754,-250.0,3.730691091694779,3083.086172344689,25.0,1,ratec
32.35238476953908,-250.0,3.729770990814968,3093.096192384769,25.0,1,ratec
32.392424849699395,-250.0,3.7280118554580746,3103.1062124248497,25.0,1,ratec
32.43246492985972,-250.0,3.7271008017284126,3113.116232464929,25.0,1,ratec
32.472505010020036,-250.0,3.7258514623537007,3123.1262525050097,25.0,1,ratec
32.51254509018036,-250.0,3.724850739310849,3133.13627254509,25.0,1,ratec
32.55258517034068,-250.0,3.723620816447898,3143.14629258517,25.0,1,ratec
32.592625250501,-250.0,3.722427342351371,3153.15631262525,25.0,1,ratec
32.632665330661325,-250.0,3.721118262032862,3163.16633266533,25.0,1,ratec
32.67270541082165,-250.0,3.720128574322105,3173.176352705411,25.0,1,ratec
32.712745490981966,-250.0,3.718844920525608,3183.186372745491,25.0,1,ratec
32.75278557114229,-250.0,3.7177735215429712,3193.196392785571,25.0,1,ratec
32.79282565130261,-250.0,3.716623968524261,3203.206412825651,25.0,1,ratec
32.832865731462924,-250.0,3.7156001627271538,3213.216432865732,25.0,1,ratec
32.87290581162325,-250.0,3.71418414802587,3223.226452905812,25.0,1,ratec
32.912945891783565,-250.0,3.7130658244488273,3233.236472945892,25.0,1,ratec
32.95298597194389,-250.0,3.712174288060858,3243.246492985972,25.0,1,ratec
32.99302605210421,-250.0,3.7107470177005615,3253.2565130260523,25.0,1,ratec
33.03306613226453,-250.0,3.709570323741001,3263.266533066132,25.0,1,ratec
33.073106212424854,-250.0,3.7086286247500175,3273.2765531062123,25.0,1,ratec
33.11314629258517,-250.0,3.7073441264867566,3283.2865731462925,25.0,1,ratec
33.153186372745495,-250.0,3.70614229240138,3293.296593186373,25.0,1,ratec
33.19322645290581,-250.0,3.7050028534018407,3303.306613226453,25.0,1,ratec
33.233266533066136,-250.0,3.703545904176997,3313.316633266533,25.0,1,ratec
33.27330661322645,-250.0,3.70272094211028,3323.326653306613,25.0,1,ratec
33.31334669338677,-250.0,3.701728529028963,3333.336673346693,25.0,1,ratec
33.35338677354709,-250.0,3.700413671395962,3343.346693386773,25.0,1,ratec
33.39342685370742,-250.0,3.698819597686776,3353.3567134268533,25.0,1,ratec
33.433466933867734,-250.0,3.698020032174419,3363.366733466933,25.0,1,ratec
33.47350701402806,-250.0,3.696613359875022,3373.3767535070137,25.0,1,ratec
33.513547094188375,-250.0,3.6955787151091126,3383.386773547093,25.0,1,ratec
33.5535871743487,-250.0,3.6944779722891257,3393.3967935871738,25.0,1,ratec
33.593627254509016,-250.0,3.6930396963907137,3403.406813627254,25.0,1,ratec
33.63366733466934,-250.0,3.692369316276456,3413.416833667334,25.0,1,ratec
33.67370741482966,-250.0,3.69091001179666,3423.4268537074145,25.0,1,ratec
33.71374749498998,-250.0,3.689901306296925,3433.4368737474947,25.0,1,ratec
33.7537875751503,-250.0,3.688686009535585,3443.446893787575,25.0,1,ratec
33.79382765531062,-250.0,3.687641056801194,3453.4569138276547,25.0,1,ratec
33.83386773547094,-250.0,3.686420570106806,3463.466933867735,25.0,1,ratec
33.87390781563126,-250.0,3.684693950124637,3473.476953907815,25.0,1,ratec
33.91394789579158,-250.0,3.683800220543542,3483.4869739478954,25.0,1,ratec
33.953987975951904,-250.0,3.6821635396331738,3493.496993987975,25.0,1,ratec
33.99402805611222,-250.0,3.681295889590809,3503.507014028056,25.0,1,ratec
34.034068136272545,-250.0,3.680318591355861,3513.517034068136,25.0,1,ratec
34.07410821643286,-250.0,3.67914424126536,3523.527054108216,25.0,1,ratec
34.114148296593186,-250.0,3.678000211231039,3533.537074148296,25.0,1,ratec
34.1541883767535,-250.0,3.676442919306287,3543.5470941883764,25.0,1,ratec
34.19422845691383,-250.0,3.675353036845271,3553.5571142284566,25.0,1,ratec
34.23426853707415,-250.0,3.6740736640478393,3563.5671342685364,25.0,1,ratec
34.27430861723447,-250.0,3.673067043780234,3573.577154308617,25.0,1,ratec
34.31434869739479,-250.0,3.6718848110195887,3583.5871743486973,25.0,1,ratec
34.35438877755511,-250.0,3.6702427321764377,3593.5971943887776,25.0,1,ratec
34.39442885771543,-250.0,3.669812272559288,3603.607214428857,25.0,1,ratec
34.43446893787575,-250.0,3.66778903876738,3613.6172344689376,25.0,1,ratec
34.47450901803607,-250.0,3.666443940898446,3623.627254509018,25.0,1,ratec
34.51454909819639,-250.0,3.665357704289637,3633.637274549098,25.0,1,ratec
34.554589178356714,-250.0,3.6641027141865594,3643.647294589178,25.0,1,ratec
34.59462925851703,-250.0,3.662766035421623,3653.6573146292585,25.0,1,ratec
34.634669338677355,-250.0,3.661224887242741,3663.6673346693383,25.0,1,ratec
34.67470941883767,-250.0,3.660339541603953,3673.6773547094185,25.0,1,ratec
34.714749498997996,-250.0,3.658737729567856,3683.6873747494983,25.0,1,ratec
34.75478957915831,-250.0,3.6577080424628448,3693.697394789579,25.0,1,ratec
34.79482965931864,-250.0,3.656344020389034,3703.7074148296592,25.0,1,ratec
34.834869739478954,-250.0,3.654466848214662,3713.717434869739,25.0,1,ratec
34.87490981963928,-250.0,3.653172595239302,3723.7274549098192,25.0,1,ratec
34.9149498997996,-250.0,3.651806152905432,3733.7374749499,25.0,1,ratec
34.95498997995992,-250.0,3.65068443548135,3743.74749498998,25.0,1,ratec
34.99503006012024,-250.0,3.649263717701688,3753.75751503006,25.0,1,ratec
35.03507014028056,-250.0,3.6479151150085527,3763.76753507014,25.0,1,ratec
35.075110220440884,-250.0,3.646297168761516,3773.777555110221,25.0,1,ratec
35.1151503006012,-250.0,3.6451328329423953,3783.7875751503007,25.0,1,ratec
35.15519038076152,-250.0,3.643905474223845,3793.797595190381,25.0,1,ratec
35.19523046092184,-250.0,3.641923917182285,3803.8076152304607,25.0,1,ratec
35.235270541082166,-250.0,3.640706968594238,3813.817635270541,25.0,1,ratec
35.27531062124248,-250.0,3.639339704709836,3823.827655310621,25.0,1,ratec
35.31535070140281,-250.0,3.637796329461188,3833.837675350701,25.0,1,ratec
35.35539078156312,-250.0,3.636303385911706,3843.847695390781,25.0,1,ratec
35.39543086172344,-250.0,3.635205010648329,3853.857715430861,25.0,1,ratec
35.435470941883764,-250.0,3.633602196697506,3863.867735470941,25.0,1,ratec
35.47551102204408,-250.0,3.631994962708801,3873.877755511021,25.0,1,ratec
35.515551102204405,-250.0,3.6301376064024655,3883.8877755511016,25.0,1,ratec
35.55559118236472,-250.0,3.629188179218532,3893.897795591182,25.0,1,ratec
35.595631262525046,-250.0,3.6272474858238257,3903.9078156312617,25.0,1,ratec
35.63567134268537,-250.0,3.625480180269771,3913.9178356713423,25.0,1,ratec
35.67571142284569,-250.0,3.6239339798123806,3923.927855711423,25.0,1,ratec
35.71575150300601,-250.0,3.6222944658914207,3933.9378757515024,25.0,1,ratec
35.755791583166335,-250.0,3.621192698719829,3943.947895791583,25.0,1,ratec
35.79583166332665,-250.0,3.6191708588841256,3953.957915831663,25.0,1,ratec
35.835871743486976,-250.0,3.617488872738666,3963.967935871743,25.0,1,ratec
35.87591182364729,-250.0,3.6153772177914,3973.977955911823,25.0,1,ratec
35.91595190380762,-250.0,3.614271964695967,3983.987975951903,25.0,1,ratec
35.955991983967934,-250.0,3.6122146837703686,3993.997995991984,25.0,1,ratec
35.99603206412826,-250.0,3.6104840715258097,4004.008016032064,25.0,1,ratec
36.036072144288575,-250.0,3.609068994123551,4014.0180360721433,25.0,1,ratec
36.0761122244489,-250.0,3.606957041011976,4024.028056112224,25.0,1,ratec
36.11615230460922,-250.0,3.605428300179341,4034.0380761523047,25.0,1,ratec
36.15619238476954,-250.0,3.6035664425653486,4044.048096192385,25.0,1,ratec
36.19623246492986,-250.0,3.601015985949188,4054.0581162324647,25.0,1,ratec
36.23627254509018,-250.0,3.599330664081167,4064.068136272545,25.0,1,ratec
36.2763126252505,-250.0,3.5969807137608583,4074.078156312625,25.0,1,ratec
36.31635270541082,-250.0,3.5951756018785384,4084.088176352705,25.0,1,ratec
36.356392785571146,-250.0,3.5932192095875446,4094.098196392785,25.0,1,ratec
36.39643286573146,-250.0,3.5905704057740024,4104.108216432865,25.0,1,ratec
36.436472945891786,-250.0,3.5889689743455877,4114.118236472946,25.0,1,ratec
36.4765130260521,-250.0,3.586271905115153,4124.128256513026,25.0,1,ratec
36.51655310621243,-250.0,3.583784680507963,4134.138276553106,25.0,1,ratec
36.55659318637274,-250.0,3.581646711030486,4144.1482965931855,25.0,1,ratec
36.59663326653306,-250.0,3.5794446795295256,4154.158316633266,25.0,1,ratec
36.636673346693385,-250.0,3.57659120760038,4164.168336673346,25.0,1,ratec
36.6767134268537,-250.0,3.5744144802777837,4174.178356713426,25.0,1,ratec
36.716753507014026,-250.0,3.5716553296583267,4184.188376753506,25.0,1,ratec
36.75679358717434,-250.0,3.5696565294989124,4194.198396793588,25.0,1,ratec
36.796833667334674,-250.0,3.566903442311978,4204.208416833668,25.0,1,ratec
36.836873747494984,-250.0,3.564216647535447,4214.218436873747,25.0,1,ratec
36.8769138276553,-250.0,3.5619118178204974,4224.228456913827,25.0,1,ratec
36.91695390781563,-250.0,3.558825303481742,4234.238476953908,25.0,1,ratec
36.95699398797595,-250.0,3.5563591127140293,4244.248496993988,25.0,1,ratec
36.99703406813627,-250.0,3.554139647198608,4254.258517034068,25.0,1,ratec
37.03707414829658,-250.0,3.5510574426372523,4264.268537074148,25.0,1,ratec
37.077114228456914,-250.0,3.5486460494856567,4274.2785571142285,25.0,1,ratec
37.11715430861724,-250.0,3.54568808477601,4284.288577154309,25.0,1,ratec
37.157194388777555,-250.0,3.5427666817227066,4294.298597194388,25.0,1,ratec
37.19723446893787,-250.0,3.540099650354873,4304.308617234468,25.0,1,ratec
37.23727454909819,-250.0,3.5373925380787354,4314.318637274549,25.0,1,ratec
37.27731462925852,-250.0,3.5345107238382103,4324.328657314629,25.0,1,ratec
37.31735470941884,-250.0,3.531632030158212,4334.338677354709,25.0,1,ratec
37.35739478957916,-250.0,3.528834754645597,4344.34869739479,25.0,1,ratec
37.39743486973948,-250.0,3.5258799703674604,4354.35871743487,25.0,1,ratec
37.4374749498998,-250.0,3.523377034021259,4364.368737474949,25.0,1,ratec
37.47751503006012,-250.0,3.5206060473298924,4374.378757515029,25.0,1,ratec
37.517555110220435,-250.0,3.5178449272584578,4384.388777555109,25.0,1,ratec
37.55759519038076,-250.0,3.514498554411856,4394.3987975951895,25.0,1,ratec
37.59763527054107,-250.0,3.5121835677963937,4404.40881763527,25.0,1,ratec
37.6376753507014,-250.0,3.509181163779074,4414.41883767535,25.0,1,ratec
37.67771543086172,-250.0,3.5060618706375606,4424.42885771543,25.0,1,ratec
37.71775551102204,-250.0,3.503532337719818,4434.438877755511,25.0,1,ratec
37.757795591182365,-250.0,3.5008443845063617,4444.448897795591,25.0,1,ratec
37.79783567134268,-250.0,3.4979595124568887,4454.458917835671,25.0,1,ratec
37.837875751503006,-250.0,3.4951798743867437,4464.468937875751,25.0,1,ratec
37.87791583166332,-250.0,3.4924112242591607,4474.478957915831,25.0,1,ratec
37.91795591182365,-250.0,3.489597615002711,4484.488977955912,25.0,1,ratec
37.95799599198397,-250.0,3.4866178674105632,4494.498997995992,25.0,1,ratec
37.99803607214429,-250.0,3.483426662798539,4504.509018036072,25.0,1,ratec
38.038076152304605,-250.0,3.48092238167929,4514.519038076151,25.0,1,ratec
38.07811623246493,-250.0,3.478390983810935,4524.529058116232,25.0,1,ratec
38.118156312625246,-250.0,3.475486994066733,4534.539078156312,25.0,1,ratec
38.15819639278557,-250.0,3.4729961665210034,4544.549098196392,25.0,1,ratec
38.19823647294589,-250.0,3.470315142491573,4554.559118236472,25.0,1,ratec
38.23827655310621,-250.0,3.467481456069297,4564.569138276553,25.0,1,ratec
38.27831663326653,-250.0,3.465185095671497,4574.579158316633,25.0,1,ratec
38.31835671342685,-250.0,3.4619738421365587,4584.589178356713,25.0,1,ratec
38.35839679358717,-250.0,3.4597423560019567,4594.599198396792,25.0,1,ratec
38.398436873747485,-250.0,3.456889251514536,4604.609218436874,25.0,1,ratec
38.43847695390781,-250.0,3.4542940120737518,4614.619238476954,25.0,1,ratec
38.47851703406813,-250.0,3.4520698766067914,4624.629258517034,25.0,1,ratec
38.51855711422846,-250.0,3.449363629963379,4634.639278557114,25.0,1,ratec
38.558597194388774,-250.0,3.447222839979573,4644.6492985971945,25.0,1,ratec
38.59863727454909,-250.0,3.4444085025666293,4654.659318637275,25.0,1,ratec
38.638677354709415,-250.0,3.442263166219917,4664.669338677354,25.0,1,ratec
38.67871743486975,-250.0,3.4397222199391937,4674.679358717434,25.0,1,ratec
38.718757515030056,-250.0,3.43749609451712,4684.6893787575145,25.0,1,ratec
38.758797595190366,-250.0,3.435135279134269,4694.699398797595,25.0,1,ratec
38.7988376753507,-250.0,3.4326618852214272,4704.709418837675,25.0,1,ratec
38.838877755511035,-250.0,3.4307052675459206,4714.719438877755,25.0,1,ratec
38.878917835671345,-250.0,3.428026545205722,4724.729458917836,25.0,1,ratec
38.918957915831655,-250.0,3.4257962738560352,4734.739478957916,25.0,1,ratec
38.95899799599199,-250.0,3.423898487959137,4744.749498997995,25.0,1,ratec
38.99903807615231,-250.0,3.42164971239845,4754.759519038075,25.0,1,ratec
39.039078156312634,-250.0,3.4193262931793784,4764.769539078156,25.0,1,ratec
39.07911823647295,-250.0,3.416997097778135,4774.779559118237,25.0,1,ratec
39.11915831663328,-250.0,3.4151155079882107,4784.789579158317,25.0,1,ratec
39.1591983967936,-250.0,3.412139047052819,4794.799599198397,25.0,1,ratec
39.19923847695391,-250.0,3.409939548531488,4804.809619238477,25.0,1,ratec
39.23927855711424,-250.0,3.40757868463437,4814.819639278557,25.0,1,ratec
39.27931863727456,-250.0,3.40562423432041,4824.829659318637,25.0,1,ratec
39.31935871743488,-250.0,3.403142787989728,4834.839679358717,25.0,1,ratec
39.35939879759519,-250.0,3.40091750019733,4844.849699398797,25.0,1,ratec
39.39943887775552,-250.0,3.3984652785980787,4854.859719438878,25.0,1,ratec
39.43947895791584,-250.0,3.395762362917637,4864.869739478958,25.0,1,ratec
39.47951903807616,-250.0,3.393137141556146,4874.879759519038,25.0,1,ratec
39.51955911823648,-250.0,3.390548867626864,4884.889779559117,25.0,1,ratec
39.55959919839679,-250.0,3.388584665388121,4894.899799599198,25.0,1,ratec
39.59963927855712,-250.0,3.385675337183206,4904.909819639278,25.0,1,ratec
39.63967935871744,-250.0,3.38288022217214,4914.919839679358,25.0,1,ratec
39.67971943887776,-250.0,3.379909726873238,4924.929859719438,25.0,1,ratec
39.71975951903808,-250.0,3.377085757000022,4934.939879759519,25.0,1,ratec
39.7597995991984,-250.0,3.3741322609070976,4944.949899799599,25.0,1,ratec
39.79983967935872,-250.0,3.3711355966425107,4954.959919839679,25.0,1,ratec
39.83987975951904,-250.0,3.3676383921287214,4964.969939879758,25.0,1,ratec
39.87991983967936,-250.0,3.364940887179933,4974.979959919839,25.0,1,ratec
39.91995991983968,-250.0,3.36162186460368,4984.989979959919,25.0,1,ratec
39.96,-250.0,3.3584084086347503,4995.0,25.0,1,ratec
